<?xml version="1.0"?>
<doc>
    <assembly>
        <name>Contracts</name>
    </assembly>
    <members>
        <member name="T:DacFXToolLib.Common.ColumnModel">
            <summary>
            A class holding information about database objects.
            </summary>
        </member>
        <member name="P:DacFXToolLib.Common.ColumnModel.Name">
            <summary>
            Gets or sets the table name.
            </summary>
        </member>
        <member name="P:DacFXToolLib.Common.ColumnModel.StoreType">
            <summary>
            Gets or sets the store type name.
            </summary>
        </member>
        <member name="P:DacFXToolLib.Common.ColumnModel.IsPrimaryKey">
            <summary>
            Gets or sets a value indicating whether a primary key exists for the table or not.
            </summary>
        </member>
        <member name="P:DacFXToolLib.Common.ColumnModel.IsForeignKey">
            <summary>
            Gets or sets a value indicating whether a foreign key exists for the table or not.
            </summary>
        </member>
        <member name="T:DacFXToolLib.Common.SerializationTableModel">
            <summary>
            A class holding information about database objects.
            </summary>
        </member>
        <member name="P:DacFXToolLib.Common.SerializationTableModel.Name">
            <summary>
            Gets or sets the table name.
            </summary>
        </member>
        <member name="P:DacFXToolLib.Common.SerializationTableModel.ObjectType">
            <summary>
            Gets or sets the object type.
            </summary>
        </member>
        <member name="P:DacFXToolLib.Common.SerializationTableModel.ExcludedColumns">
            <summary>
            Gets or sets the columns excluded from reverse engineering.
            </summary>
        </member>
        <member name="P:DacFXToolLib.Common.SerializationTableModel.ExcludedIndexes">
            <summary>
            Gets or sets the indexes excluded from reverse engineering.
            </summary>
        </member>
        <member name="P:DacFXToolLib.Common.SerializationTableModel.UseLegacyResultSetDiscovery">
            <summary>
            Gets or sets a value indicating whether to exclude table from default result set discovery.
            </summary>
        </member>
        <member name="P:DacFXToolLib.Common.SerializationTableModel.MappedType">
            <summary>
            Gets or sets a map type to an existing DbSet.
            </summary>
        </member>
        <member name="T:DacFXToolLib.Common.TableModel">
            <summary>
            A class holding schema information about database objects.
            </summary>
        </member>
        <member name="P:DacFXToolLib.Common.TableModel.DisplayName">
            <summary>
            Gets the database object display name.
            </summary>
        </member>
        <member name="P:DacFXToolLib.Common.TableModel.Name">
            <summary>
            Gets or sets the name.
            </summary>
        </member>
        <member name="P:DacFXToolLib.Common.TableModel.Schema">
            <summary>
            Gets or sets the schema (can be null).
            </summary>
        </member>
        <member name="P:DacFXToolLib.Common.TableModel.ObjectType">
            <summary>
            Gets or sets the object type.
            </summary>
        </member>
        <member name="P:DacFXToolLib.Common.TableModel.Columns">
            <summary>
            Gets or sets the columns.
            </summary>
        </member>
        <member name="P:DacFXToolLib.Common.TableModel.DatabaseType">
            <summary>
            Gets the database type.
            </summary>
        </member>
    </members>
</doc>
